<?xml version="1.0"?>
<data grt_format="2.0">
  <value _ptr_="0x6000030c8fc0" type="list" content-type="object" content-struct-name="db.mgmt.Connection">
    <value type="object" struct-name="db.mgmt.Connection" id="5D71C5E0-3183-47CE-9298-F455E0C60219" struct-checksum="0x96ba47d8">
      <link type="object" struct-name="db.mgmt.Driver" key="driver">com.mysql.rdbms.mysql.driver.native</link>
      <value type="string" key="hostIdentifier">Mysql@127.0.0.1:3306</value>
      <value type="int" key="isDefault">1</value>
      <value _ptr_="0x6000030295c0" type="dict" key="modules"/>
      <value _ptr_="0x600003029620" type="dict" key="parameterValues">
        <value type="string" key="DbSqlEditor:LastDefaultSchema">tarim_db</value>
        <value type="string" key="SQL_MODE"></value>
        <value type="string" key="hostName">127.0.0.1</value>
        <value type="int" key="lastConnected">1612406585</value>
        <value type="string" key="password"></value>
        <value type="int" key="port">3306</value>
        <value type="string" key="schema"></value>
        <value type="string" key="serverVersion">8.0.22</value>
        <value type="string" key="sslCA"></value>
        <value type="string" key="sslCert"></value>
        <value type="string" key="sslCipher"></value>
        <value type="string" key="sslKey"></value>
        <value type="int" key="useSSL">1</value>
        <value type="string" key="userName">root</value>
      </value>
      <value type="string" key="name">Koznek-local</value>
      <link type="object" struct-name="GrtObject" key="owner">F7FD3902-4592-491C-B9CB-09B2AD8E9C3F</link>
    </value>
  </value>
</data>
