<?xml version="1.0"?>
<data grt_format="2.0">
  <value _ptr_="0x6000030c8a20" type="list" content-type="object" content-struct-name="db.mgmt.ServerInstance">
    <value type="object" struct-name="db.mgmt.ServerInstance" id="470D9A1C-2185-4885-93CC-9B23CC27A9E3" struct-checksum="0x367436e2">
      <link type="object" struct-name="db.mgmt.Connection" key="connection">5D71C5E0-3183-47CE-9298-F455E0C60219</link>
      <value _ptr_="0x600003034120" type="dict" key="loginInfo">
        <value type="string" key="ssh.hostName"></value>
        <value type="string" key="ssh.key">~/.ssh/ssh_private_key</value>
        <value type="string" key="ssh.localPort">3306</value>
        <value type="int" key="ssh.useKey">0</value>
        <value type="string" key="ssh.userName">mysql</value>
      </value>
      <value _ptr_="0x6000030340c0" type="dict" key="serverInfo">
        <value type="string" key="basedir">/usr/local/Cellar/mysql/8.0.22_1/</value>
        <value type="string" key="datadir">/usr/local/var/mysql/</value>
        <value type="string" key="detected_os_name">macOS</value>
        <value type="string" key="detected_os_type">darwin</value>
        <value type="string" key="detected_os_variant">macOS</value>
        <value type="string" key="detected_os_version">11.0.1</value>
        <value type="string" key="errorLogFilePath">macbook-pro.lan.err</value>
        <value type="string" key="generalLogFilePath">/usr/local/var/mysql/macbook-pro.log</value>
        <value type="string" key="serverVersion">8.0.22</value>
        <value type="int" key="setupPending">0</value>
        <value type="string" key="slowLogFilePath">/usr/local/var/mysql/macbook-pro-slow.log</value>
        <value type="string" key="sys.config.path">/etc/my.cnf</value>
        <value type="string" key="sys.config.section">mysqld</value>
        <value type="string" key="sys.mysqld.start">launchctl load -F /Library/LaunchDaemons/com.oracle.oss.mysql.mysqld.plist</value>
        <value type="string" key="sys.mysqld.stop">launchctl unload -F /Library/LaunchDaemons/com.oracle.oss.mysql.mysqld.plist</value>
        <value type="string" key="sys.sudo"></value>
        <value type="string" key="sys.system">MacOS X</value>
        <value type="int" key="sys.usesudo">1</value>
        <value type="int" key="sys.usesudostatus">0</value>
      </value>
      <value type="string" key="name">Koznek-local</value>
    </value>
    <value type="object" struct-name="db.mgmt.ServerInstance" id="35321C9E-EB17-4A95-AAAC-CF774CB0215D" struct-checksum="0x367436e2">
      <value _ptr_="0x600003034060" type="dict" key="loginInfo">
        <value type="string" key="ssh.hostName"></value>
        <value type="string" key="ssh.key">~/.ssh/ssh_private_key</value>
        <value type="string" key="ssh.localPort">3306</value>
        <value type="int" key="ssh.useKey">0</value>
        <value type="string" key="ssh.userName">mysql</value>
      </value>
      <value _ptr_="0x600003035b00" type="dict" key="serverInfo">
        <value type="string" key="serverVersion">5.7</value>
        <value type="int" key="setupPending">1</value>
        <value type="string" key="sys.config.path">/etc/my.cnf</value>
        <value type="string" key="sys.config.section">mysqld</value>
        <value type="string" key="sys.mysqld.start">launchctl load -F /Library/LaunchDaemons/com.oracle.oss.mysql.mysqld.plist</value>
        <value type="string" key="sys.mysqld.stop">launchctl unload -F /Library/LaunchDaemons/com.oracle.oss.mysql.mysqld.plist</value>
        <value type="string" key="sys.system">MacOS X</value>
        <value type="int" key="sys.usesudo">1</value>
      </value>
      <value type="string" key="name"></value>
    </value>
  </value>
</data>
